1	praṇamya śrīpatiṃ sarvān gurūṃścātha pravacmyaham | yathāmati hareḥ pūjāvidhiṃ vaiṣṇavasammatam ||	Having bowed to Śrīpati and to all the gurus, I shall now explain, according to my understanding, the procedure for worshipping Hari that is approved by the Vaiṣṇavas.
2	ādau devagṛhe nyasya kalaśān sapta pañca vā | āharet tulasīṃ dūrvāṃ puṣpāṇy adyatanāni ca ||	First, after placing seven or five water vessels in the shrine, one should bring tulasī, dūrvā grass, and flowers gathered that very day.
3	yathākālopapannāni svārāmavanajāny api | akrītāny apradattāni cauryāl labdhāni yāni ca ||	They should be seasonally available and grown in one’s own garden or grove; they must not be bought, received as an unsolicited gift, or obtained by theft.
4	śūdrāhṛtāni vā bhūmau patitāni tathaiva ca | eraṇḍārkajapatreṣu cāhṛtāni kare tathā ||	One must likewise reject those brought by a Śūdra, fallen on the ground, carried in leaves of the castor, arka, or japa plants, or carried directly in the hand.
5	paṭāhṛtāni yāni syur varjayet tāni yatnataḥ | arghyapādyādisambhārān yathāśakti vidhāya ca ||	One should carefully avoid flowers brought in the edge of a garment, and should prepare, according to one’s means, the materials for arghya, pādya, and the other offerings.
6	prakṣālya pāṇī pādau cāpy ācamya hariveśmanaḥ | upadvāraṃ samāgamya bhaktyā kuryāc chriyai namaḥ ||	After washing both hands and feet and performing ācamana, one should approach the subsidiary doorway of Hari’s shrine and devoutly offer obeisance to Śrī.
7	pūrve namo jayāyātha vijayāyātha dakṣiṇe | śriyai balāya prabalāyātha pratyak śriyai namaḥ ||	At the east one should bow to Jaya and Vijaya; at the south to Śrī, Bala, and Prabala; and at the west one should bow to Śrī.
8	nandāyātha sunandāya śriyai ca kumudāya ca | kumudākṣāyottare ca dvārapālāṃś ca pūjayet ||	One should worship Nanda and Sunanda, Śrī and Kumuda, and, at the north, Kumudākṣa—thus worshipping the guardians of the doors.
9	tadanujñām avāpyātha “vāyavā yāhi darśate” | anena vāyumantreṇa samudghāṭya kavāṭakam | kṛtvā tālatrayaṃ dvāre dehalīm aspṛśan viśet ||	Then, after obtaining their permission, one should open the door with the Vāyu mantra beginning “O Vāyu, come, worthy to be seen,” clap three times at the doorway, and enter without touching the threshold.
10	dakṣiṇāṅghriṃ puraskṛtya “hy agnināgniḥ samidhyate” | anena vahnimantreṇa dīpān uddīpayet tataḥ ||	Entering with the right foot first, one should then kindle the lamps with the fire mantra beginning “By Agni, Agni is kindled.”
11	īkṣayā puṣpakṣepeṇa pārṣṇighātatrayeṇa ca | divyāntarikṣabhūmiṣṭhān vighnān uccāṭayet sudhīḥ ||	The wise worshipper should drive away obstacles situated in heaven, the intermediate region, and on earth by a penetrating gaze, by casting flowers, and by striking the heels three times.
12	apasarpantu ye bhūtā iti mantraṃ paṭhann api | bhūtān uccāṭya nārācamudrayā bandhayed diśaḥ ||	Reciting the mantra beginning “Let those beings withdraw,” one should expel the spirits and seal the directions with the Nārāca mudrā.
13	apaivetyādi yebhyaś ca evāpitara ṛcau paṭhet | nivārya mānuṣaṃ gandham ebhir mantraiś tu pūjakaḥ ||	The worshipper should recite the ṛks beginning “Apa eva” and “Yebhyaś ca,” and with these mantras remove the merely human scent from the place.
14	kalpayitvā javanikāṃ devam ātmānam antarā | āruhya vedikāṃ paścād brahmapārastavaṃ paṭhet ||	After placing a curtain between the deity and oneself, one should ascend the platform and then recite the Brahmapāra hymn.
15	āgamārthaṃ tu devānāṃ gamanārthaṃ tu rakṣasām | kuru ghaṇṭāravaṃ tatra devatāhvānalāñchanam ||	Ring the bell there to bring the gods and send away the demons; its sound is the sign by which the deities are invited.
16	ajñānāj jñānato vāpi kāṃsyaghaṇṭāṃ na vādayet | rākṣasānāṃ piśācānāṃ taddeśe vasatir bhavet ||	If, whether through ignorance or knowingly, one does not sound the bronze bell, that place becomes a dwelling for Rākṣasas and Piśācas.
17	tasmāt sarvaprayatnena ghaṇṭām āvādayet tataḥ | tato javanikāṃ tyaktvā nirmālyaṃ visṛjet tataḥ ||	Therefore one must make every effort to ring the bell. Then one should remove the curtain and dispose of the previous offerings.
18	snānapātraṃ tathā pīṭhaṃ yathāsthānaṃ nidhāya ca | sauvarṇaṃ maṇṭapaṃ dhyāyed dhema-ratnopa-maṇḍitam ||	Having placed the bathing vessel and the seat in their proper locations, one should visualize a golden pavilion adorned with gold and jewels.
19	adhyāsitāsane svastho ’pakrāmantv iti pūrvakān | mantrān udīrya bhūtāni mudrayā choṭikākhyayā ||	Seated firmly on the prepared seat, one should utter the mantras beginning “Let them depart” and, using the mudrā called Choṭikā, remove the beings—
20	utsādyāsanamantrena pṛthivīṃ prārthayet tataḥ | āsane maṇḍale cendoḥ kūrmaskandhe ’ham āsthitaḥ ||	—driving them away with the Āsana mantra. One should then address the Earth: “I am seated upon the seat, within the lunar circle, upon the back of the Tortoise.”
21	kalpayitvaivam āsīno vyāhared bhūr bhuvaḥ svar om | athāsanam upaspṛśya maṇḍūkāya namas tataḥ ||	Having formed this visualization and taken one’s seat, one should pronounce “bhūr, bhuvaḥ, svaḥ, om”; then, touching the seat, say, “Obeisance to Maṇḍūka.”
22	kūrmāyātha varāhāya śeṣāyātha namas tataḥ | namaḥ kālāgnirudrāya vajrāya ca namo namaḥ ||	Then: “Obeisance to Kūrma, to Varāha, and to Śeṣa; obeisance to Kālāgnirudra and repeated obeisance to Vajra.”
23	sānusvāraṃ cādivarṇaṃ praṇavādim udīrya ca | namo’ntam iti caiteṣu ṣaṭsu caiva japed budhaḥ ||	For each of these six, the wise person should recite the initial letter with anusvāra, preceded by the praṇava and followed by “namaḥ.”
24	ukteṣu vakṣyamāṇeṣu sthāneṣv anyeṣu sarvaśaḥ | pūjāvidhau ca devānāṃ pīṭhāvaraṇayor vadet ||	This same formula should be spoken for the deities already named, for those yet to be named, and everywhere else in the worship of the seat and its enclosures.
25	tattannāma caturthyantaṃ praṇavādi namo’ntakam | tato’strāya phaḍ ity uktvā diśo baddheṣumudrayā ||	One should put each name in the dative case, prefix it with the praṇava, and end it with “namaḥ.” Then, saying “to the missile, phaṭ,” one should bind the directions with the Baddheṣu mudrā.
26	prākārāvasthitaṃ vahniṃ dhyātvā mudrāṃ sudarśanīm | darśayed atha cenādidikṣu badhnāmi cāṣṭasu ||	Visualizing fire stationed as a surrounding wall, one should display the Sudarśana mudrā and declare “I bind [them]” in all eight directions in the prescribed sequence.
27	namaś cakrāya svāheti mantram enam udīrayet | tatas tithyādi saṅkīrtya sthitaṃ deśaṃ ca saṃsmaret ||	One should utter the mantra “Obeisance to the Discus, svāhā.” Then one should state the lunar date and the other calendrical particulars and recall the place where one is situated.
28	anantakalyāṇaguṇaikasindhuśrīviṣṇunā preritamanaso’ham | tasyaiva vīryeṇa balena tejasā sañjīvitasvāntavapuś cidindriyaḥ ||	“My mind is impelled by Śrī Viṣṇu, the unique ocean of infinite auspicious qualities; by His own potency, strength, and radiance my inner being, body, consciousness, and senses are enlivened.”
29	prītyartham asyaiva karomi pūjāvidhiṃ pradiṣṭaṃ khalu tantrasāre | brahmāṇḍasāhasrapater dayālor bhaktyā yathāśakti yathaiva samyak ||	“For the pleasure of that very compassionate Lord of thousands of cosmic eggs, I perform with devotion, according to my ability and exactly as prescribed, the procedure of worship taught in the Tantrasāra.”
30	vāyvagnivaruṇānāṃ ca bījāni yaravāḥ kramāt | pratyekaṃ sampuṭīkṛtya praṇavena ca bindunā ||	The seed syllables of Vāyu, Agni, and Varuṇa are respectively ya, ra, and va; each should be enclosed by the praṇava and furnished with the bindu.
31	ebhiḥ kāryaṃ kramāt ṣoḍhā karasandhiṣu śodhanam | tataḥ sarvān gurūn natvā hṛtpadmādhiṣṭhitaṃ prabhum ||	With these, purification should be performed successively in six ways at the joints of the hands. Then, bowing to all the gurus, one should take the Lord who resides in the lotus of the heart—
32	suṣumnāmārgato nītvā vinidadhyāt svamūrdhani | tataś ca brahmahatyeti dhyāyet svaṃ pāpapūruṣam ||	—and lead Him by the path of the Suṣumnā and place Him upon one’s own head. Then one should visualize one’s sinful personification, beginning with the sin of killing a Brāhmaṇa.
33	ānīya nābhideśe taṃ vāyubījena śoṣayet | hṛdyagnibījato dagdhvā bhasma vāmanasā tyajet ||	Bringing that sinful figure to the region of the navel, one should dry it with the Vāyu seed; burn it with the fire seed in the heart; and mentally cast away the ashes to the left.
34	vāruṇenātha bījena śirasthāmṛtadhārayā | plāvayet sarvagātrāṇi kṛtvātmānaṃ tato hṛdi ||	Then, with the Varuṇa seed and the stream of nectar located at the head, one should flood every limb and thereafter re-establish oneself in the heart.
35	prāṇāyāmaṃ tataḥ kṛtvā tattvanyāsāṃs tataḥ param | mātṛkānyāsakān kṛtvā prāṇān āyamya mūlataḥ ||	Next one should perform breath-control, then the placements of the principles, then the placements of the Mother letters, and once again regulate the breaths using the root mantra.
36	aṣṭākṣaranyāsapūrvaṃ dhyātvodyadbhāsvad ity atha | pūjāṅgam iti mūlaṃ ca japed aṣṭottaraṃ śatam ||	After first performing the placement of the eight-syllabled mantra and meditating with the formula beginning “rising and radiant,” one should recite the root mantra 108 times as a limb of the worship.
37	punaś cākṣaravinyāsaṃ kṛtvā dhyāyed dhariṃ punaḥ | tataḥ kṛtāñjalir bhūtvā niṣusīdety ṛcaṃ paṭhet ||	Again performing the placement of the syllables, one should meditate upon Hari once more; then, with hands joined, recite the ṛk beginning “niṣusīda.”
38	ārādhyase prāṇabhṛtāṃ praṇetrā prāṇādhināthena samīraṇena | nārāyaṇa jñānasukhaikapūrṇa svāmin mama śrīramaṇa prasīda ||	“O Nārāyaṇa, complete in knowledge and bliss, You are worshipped through Samīraṇa, the guide of living beings and the sovereign of their vital breaths. My Lord, consort of Śrī, be gracious to me.”
39	bimbo’si pratibimbo’smi tava yadyapi cāntaram | svāmin nirdoṣa maddoṣaṃ vivecaya namo’stu te ||	“You are the original, and I am Your reflection, although a distinction remains between us. O faultless Lord, discern and remove my fault; obeisance to You.”
40	bhagavan yan mayā karma śubhaṃ kārayasi prabho | tat sarvaṃ viṣṇupūjāstu tava deva prasādataḥ ||	“O Blessed Lord, whatever auspicious act You cause me to perform—by Your grace, O God, may all of it become worship of Viṣṇu.”
41	samprārthyaivaṃ svabimbasthaṃ mudrayā prārthanākhyayā | kalaśaṃ pūjayet paścād āhvayed devatāśatam ||	Having thus prayed to the Lord present in His image with the mudrā called Prārthanā, one should next worship the water vessel and invoke the hundred deities.
42	mātṛkā ekapañcāśac caturviṃśatimūrtayaḥ | keśavādyās tathā viśvataijasaprājñaturyakāḥ ||	They are the fifty-one Mother letters; the twenty-four forms beginning with Keśava; and the forms Viśva, Taijasa, Prājña, and Turīya.
43	ātmāntarātmaparamajñānātmāvāsudevakāḥ | saṅkarṣaṇaś ca pradyumno’niruddho matsyakacchapau ||	They also include Ātman, Antarātman, Paramātman, Jñānātman, Vāsudeva, Saṅkarṣaṇa, Pradyumna, Aniruddha, Matsya, and Kacchapa.
44	kolo nṛsiṃhaḥ savaṭur jāmadagnyaraghūdvahau | vāsiṣṭhayādavau kṛṣṇāv ātreyo buddhakalkinau ||	They further include Kola (Varāha), Nṛsiṃha together with the Dwarf, the son of Jamadagni, the scion of Raghu, the two Kṛṣṇas associated with Vasiṣṭha and Yadu, Ātreya, Buddha, and Kalki.
45	śiṃśumāraś ceti śataṃ mūlamūrtyā samanvitam | āhūya pūjayed etāḥ snānīyakalaśe budhaḥ ||	Together with Śiṃśumāra and the principal form, these make one hundred; the wise person should invoke and worship them in the bathing vessel.
46	naivedyaprokṣaṇārthaṃ ca pañcapātraprapūraṇe | pānīyārthaṃ pṛthak caikaṃ kalaśatritayaṃ bhavet ||	Three vessels are required: one for sprinkling the food offering, one for filling the five ritual cups, and a separate one for drinking water.
47	pāṇiprakṣālanārthaṃ tu gandhādyartham iti dvayam | pañcaite kalaśāḥ proktā gandhārthaṃ dvau punaḥ pṛthak ||	Two more are for washing the hands and for sandal paste and the other materials; thus five vessels are prescribed, with two additional separate ones for the scented materials.
48	sambhave sapta kalaśāḥ pañca vātha trayo dvayam | asambhave ca sarveṣāṃ bhinnapātrāṇi kārayet | ekasmād api paścāt taṃ kalaśaṃ pūjayed budhaḥ ||	When possible there should be seven vessels, or five, three, or two. When that is impossible, separate receptacles should be arranged for all purposes; even if only one is available, the wise person should worship that vessel afterward.
49	imaṃ me cātha gaṅge cetyādi mantrān udīrayet | sarvakṣetreti mantreṇa kalaśaṃ prārthayet tataḥ ||	One should utter the mantras beginning “imaṃ me” and “Gaṅge,” and then address the vessel with the mantra beginning “sarvakṣetre.”
50	śaṅkhacakragadāpadmadhenutārkṣyādimudrikāḥ | pradarśya mūlamantraṃ ca dviṣaḍvāraṃ japet tataḥ ||	After displaying the mudrās of the conch, discus, mace, lotus, cow, Garuḍa, and the others, one should recite the root mantra twelve times.
51	tvaṃ puretyādikān mantrān paṭhitvā prārthayet tataḥ | japet triḥ śaṅkhagāyatrīṃ punaḥ śaṅkhādimudrikāḥ ||	After reciting the mantras beginning “tvaṃ purā,” one should pray, recite the Conch Gāyatrī three times, and again display the conch and other mudrās.
52	kalaśodakapūrṇaṃ tu tataḥ śaṅkhaṃ prapūjayet | darśayitvāṣṭavāraṃ ca mūlamantraṃ japet tataḥ ||	One should then fill the conch with water from the vessel and worship it; after displaying the prescribed mudrā, one should recite the root mantra eight times.
53	pātrāṇy āsādayet pūrvaṃ pañca pūjāvidhau sadā | arghyaṃ vāyupade proktaṃ nairṛtyāṃ pādyam eva ca ||	In the worship procedure one should always first arrange five receptacles: the arghya is prescribed in Vāyu’s quarter, and the pādya in the southwest.
54	īśe tv ācamanīyaṃ ca snānīyaṃ cāgnikoṇake | madhye dve sarvapātrāṇāṃ śuddhatoyena pūrayet ||	The water for sipping is in Īśa’s northeast, the bathing water in the southeast, and two vessels in the middle; one should fill every receptacle with pure water.
55	ekaṃ syān madhuparke’nyat punarācamane tathā | nikṣiped gandhatulasīpuṣpādīni yathāvidhi ||	Of the two central vessels, one is for madhuparka and the other for the subsequent sipping water. Into them one should place sandal paste, tulasī, flowers, and the other prescribed substances according to rule.
56	tulasīdalayuktena śuddhatoyena pūjakaḥ | pūjādravyāṇi sarvāṇi prokṣya pīṭhaṃ prapūjayet ||	With pure water containing a tulasī leaf, the worshipper should sprinkle all the articles of worship and then worship the sacred seat.
57	pīṭheṣu bhagavān nityam ity adhyāye yathākramaḥ | śrīmadhvaguruṇā proktaḥ pīṭhāvaraṇapūjane | sūtratvāt tasya bodhārthaṃ kvacid vakṣyāmi vistaram ||	In the chapter beginning “The Lord is eternally present in the seats,” Śrī Madhva Guru taught the worship of the seat and its enclosures in due order. Because that teaching is aphoristic, I shall sometimes explain it more fully for comprehension.
58	pīṭhapūjāṃ vidhāyātha tatrāvāhyeti sūtrataḥ | harim āvāhayed bhaktyā tadvidhiḥ procyate’dhunā ||	After performing the worship of the seat, the aphorism says, “invoke Him there.” One should devoutly invoke Hari; that procedure is now explained.
59	adhomukhaṃ hṛtkamalaṃ vāyubījena conmukham | kuryāt tato’sya mukulaṃ jñānārkeṇa vikāsayet ||	With the Vāyu seed one should turn upward the downward-facing lotus of the heart, and then cause its bud to blossom through the sun of knowledge.
60	tatkarṇikāsthitaṃ devaṃ nārāyaṇam ajaṃ vibhum | udyadbhāsvad iti dhyātvā sapuṣpatulasīkaraḥ ||	Holding flowers and tulasī in the hand, one should meditate, with the formula beginning “rising and radiant,” upon the unborn, all-pervading God Nārāyaṇa situated in that lotus’s pericarp.
61	kṛtāñjalipuṭo bhūtvātmety ekām ṛcaṃ paṭhet | mūlamantraṃ tato japtvā yady ātmārthaṃ prapūjayet ||	With hands joined in reverence, one should recite the single ṛk beginning “ātmā”; then, after reciting the root mantra, one may perform the worship for one’s own purpose.
62	ehy ehi mama hṛtpadmasthita śrīpuruṣottama | āvāhayāmi pīṭhe tvāṃ pratimāyāṃ ramāpate ||	“Come, come, O glorious Supreme Person who abides in the lotus of my heart. O Lord of Ramā, I invoke You upon the seat and into the image.”
63	dvir uccāryaivam āvāhya tam āvāhanamudrayā | tatas tu prārthanāmudrāṃ vidhāya prārthayed dharim ||	After uttering this twice and invoking Him with the Āvāhana mudrā, one should form the Prārthanā mudrā and pray to Hari.
64	yāgāvasānaparyantam atra sthitvā janārdana | bhaktasya mama pūjāṃ tvaṃ gṛhītvā pāhi māṃ vibho ||	“O Janārdana, remain here until the completion of the worship. Accept the worship of me, Your devotee, and protect me, O all-pervading Lord.”
65	samprārthyaivaṃ svabimbākhyaṃ mudrā āvāhanādikāḥ | ṣaṇ mūlamantrapūrvaṃ tu taṃ tam artham udīrayet ||	Having thus addressed the Lord called one’s original image, one should perform the six mudrās beginning with invocation, prefixing each appropriate statement with the root mantra.
66	āvāhanaṃ sthāpanaṃ ca sānnidhyaṃ sannirodhanam | saṃmukhīkaraṇaṃ caiva hy avaguṇṭhanam eva ca | pradarśyaitāś ca ṣaṇ mudrāḥ snānārthaṃ prārthayet tataḥ ||	The six are invocation, installation, establishment of presence, confinement, turning the deity toward oneself, and veiling. After displaying these six mudrās, one should request the Lord to proceed to the bath.
67	parārthaṃ yadi pūjā syāt sūryāgnyantargataṃ harim | āvāhya pūrvavat kāryaṃ sarvam āvāhanādikam ||	If the worship is performed on another’s behalf, one should invoke Hari from within the sun or fire and perform all the rites of invocation and the rest as before.
68	ehi śrībhagavan viṣṇo snānārthaṃ majjanālayam | samprārthyaivam idaṃ viṣṇur iti ṛcā pādukārpaṇam | snānālayaṃ samāyāntaṃ dhyātvā nārāyaṇaṃ prabhum ||	“Come, O glorious Blessed Viṣṇu, to the bathing chamber for Your bath.” Having prayed thus, one should offer sandals with the ṛk beginning “idaṃ viṣṇuḥ” and visualize Lord Nārāyaṇa coming to the bathing chamber.
69	sthāpayet snānapīṭhe taṃ bhadraṃ karṇebhir ity ṛcā | punas tatrāpi ṣaṇ mudrāḥ kuryād āvāhanādikāḥ ||	One should install Him on the bathing seat with the ṛk beginning “bhadraṃ karṇebhiḥ,” and there again perform the six mudrās beginning with invocation.
70	tato’rghyaṃ mūlamantreṇa pādyam ācamanīyakam | madhuparkaṃ tato dadyāt punarācamanam tataḥ ||	Then, using the root mantra, one should offer arghya, water for the feet, water for sipping, madhuparka, and afterward water for sipping once more.
71	āpyāyasva dadhikrāvṇo ghṛtaṃ mimikṣa ity ṛcaḥ | madhuvātā tathā svādur iti mantrān samūlakān ||	One should use, each together with the root mantra, the ṛks beginning “āpyāyasva,” “dadhikrāvṇaḥ,” “ghṛtaṃ mimikṣa,” “madhu vātā,” and “svādu.”
72	krameṇaitān paṭhan pañcāmṛtena snāpayed dharim | payo dadhi ghṛtaṃ kṣaudraṃ śarkarā pañcamāmṛtam ||	Reciting these in sequence, one should bathe Hari with the five nectars: milk, curd, ghee, honey, and sugar are the five nectars.
73	tataḥ śuddhodakasnānaṃ kārayet paramātmanaḥ | pauruṣaṃ vaiṣṇavaṃ ghārmaṃ pavasveti trivargakam ||	Then one should give the Supreme Self a bath with pure water while reciting the Pauruṣa, Vaiṣṇava, and Ghārma hymns and the three groups beginning with “pavasva.”
74	ya indror ekavargaś ca samudrād ūrmir eva ca | jitanta iti stotraṃ ca paṭhan saṃsnāpayed dharim ||	One should thoroughly bathe Hari while reciting the single group beginning “ya indra,” the hymn beginning “samudrād ūrmiḥ,” and the stotra beginning “jitante.”
75	tato’ṅgamārjanaṃ vastraṃ pītaṃ ca paridhānakam | tataḥ sarvāṅgabhūṣāś ca nūpurādyāḥ kirīṭakam ||	Then one should dry the limbs, offer a yellow garment for wearing, and afterward offer ornaments for every limb, beginning with anklets and extending to the crown.
76	dhyātvaiva bhūṣaṇaṃ kiñcin navam apy arpayet sudhīḥ | yajñopavītaṃ dattvā tam āsane copaveśayet ||	The wise worshipper should mentally fashion and offer any ornament that is not physically available; after giving the sacred thread, one should seat Him upon the throne.
77	abhiṣekāt purā vāpi paścād vā paramātmani | tattvanyāsādi dhyānāntaṃ kṛtvā pūjāṃ samācaret ||	Either before or after the ablution, one should perform upon the Supreme Self the sequence beginning with placement of the principles and ending with meditation, and then conduct the worship.
78	āsanasthaṃ hariṃ spṛṣṭvā mūladvādaśakaṃ japet | arpayet gandhapuṣpāṇi mūlena tulasīṃ tathā ||	Touching Hari seated upon the throne, one should recite the root mantra twelve times and, with that mantra, offer sandal paste, flowers, and tulasī.
79	tataś cakrāyudhādīni pūjayet kramaśo daśa | durgā cakrādhidevī syāc chrīś ca śaṅkhādhidevatā ||	Then one should worship in order the ten weapons beginning with the discus. Durgā is the presiding deity of the discus, and Śrī is the presiding deity of the conch.
80	vāyur gadādhidevaḥ syād bhūmiḥ padmābhimāninī | durgaiva khaḍgadevī syāc chārṅgaṃ caiva sarasvatī ||	Vāyu is the presiding deity of the mace; Earth identifies with the lotus; Durgā herself is the deity of the sword; and Sarasvatī identifies with Śārṅga, the bow.
81	pañcaprāṇāḥ pañcabāṇā viriñcaḥ kaustubhātmakaḥ | śrīr eva vanamālāyāṃ lakṣmīḥ śrīvatsasaṃsthitā ||	The five vital airs are the five arrows; Viriñca is present in the Kaustubha; Śrī herself is present in the forest garland; and Lakṣmī abides in the Śrīvatsa.
82	athāvaraṇapūjāyāṃ lakṣmīṃ vāme harer yajet | dharāṃ ca dakṣiṇe pārśve tataḥ pūrvādidiṣu ca ||	Next, in the worship of the enclosures, one should worship Lakṣmī on Hari’s left and Earth on His right, and then worship in the directions beginning with the east.
83	kruddholkāya maholkāya vīrolkāya namas tataḥ | dyūlkāya ca namaskuryād udīcyāṃ diśi ca kramāt ||	One should successively offer obeisance to Kruddholka, Maholka, Vīrolka, and Dyūlka, the last being in the northern direction.
84	sahasrolkāyeti catur āgneyādividiṣu ca | punaḥ pūrvādikāṣṭāsu vāsudevādikān yajet ||	The four forms beginning with Sahasrolka should be worshipped in the intermediate directions beginning with the southeast; then, in the eight directions beginning with the east, one should worship Vāsudeva and the succeeding forms.
85	māyāṃ jayāṃ kṛtiṃ śāntiṃ yajet koṇeṣu ca kramāt | keśavādyās tato mūrtīr dvādaśa kramato yajet ||	In the corner directions one should worship Māyā, Jayā, Kṛti, and Śānti in order; then one should worship in order the twelve forms beginning with Keśava.
86	diśi dve dve koṇa eka aiśe dāmodaro bhavet | saṅkarṣaṇādikṛṣṇāntā mūrtayo dvādaśa kramāt ||	There are two forms in each principal direction and one in each corner, with Dāmodara in the northeast; then come, in order, the twelve forms beginning with Saṅkarṣaṇa and ending with Kṛṣṇa.
87	matsyādimūrtayo’nte dvādaśāntaṃ kramād yajet | aiśānyāṃ viśvarūpaḥ syāt krameṇānena pūjayet ||	Finally one should worship in order the twelve forms beginning with Matsya; Viśvarūpa is in the northeast. They should be worshipped in this sequence.
88	sarvadiṣu punaś cāpi hy anantādīn sabhāryakān | indrādīṃś ca sapatnīkān parigrahayutān api ||	Again, in all the directions, one should worship Ananta and the others together with their consorts, and Indra and the other guardians together with their wives and entourages.
89	pūjayet kramaśo dhīmān svāsu dikṣu sthitān bahiḥ | paścāt purastāc cheṣaṃ ca vidhiṃ caiva sabhāryakam ||	The wise person should worship them successively outside, each in his own direction; afterward one should worship Śeṣa in the west and Vidhi in the east, each with his consort.
90	pūjayitvā tataḥ pūjyā dvādaśa dvārapālakāḥ | prathamo vajranābhaś ca harīśaś ca tataḥ param ||	After completing those worships, the twelve door guardians are to be worshipped: the first is Vajranābha, followed by Harīśa.
91	tṛtīyo gāṅgatanayas tataḥ śaṅkhanidhīśvaraḥ | jayaś ca vijayaḥ paścād dhātā saptamako mataḥ ||	The third is the son of Gaṅgā, followed by Śaṅkhanidhīśvara; next are Jaya and Vijaya, and Dhātā is regarded as the seventh.
92	vidhātā ca tato bhadraḥ subhadro’thāmṛteśvaraḥ | virūpākṣo’ntimaś caiva namaḥśabdena pūjayet ||	Then come Vidhātā, Bhadra, Subhadra, Amṛteśvara, and finally Virūpākṣa. Each should be worshipped with the word “namaḥ.”
93	vanaspatyudbhavetyādi mantrair mūlapurassaraiḥ | dhūpaṃ dattvā tato dīpaṃ dadyān mūlam udīrayan ||	With the mantras beginning “vanaspatyudbhava,” each preceded by the root mantra, one should offer incense; then, uttering the root mantra, one should offer the lamp.
94	sājyaṃ trivartimantreṇa tato naivedyam arpayet | devasyāgre bhuvaṃ śodhya śrībījaṃ tatra saṃlikhet ||	Using the mantra for the three-wicked lamp supplied with ghee, one should then offer the food. After purifying the ground before the deity, one should inscribe the seed syllable of Śrī there.
95	naivedyam upari sthāpya śuddhatoyena prokṣayet | sauvarṇair iti mantreṇa mūlamantreṇa mantrayet ||	One should place the food offering upon it, sprinkle it with pure water, and consecrate it with the mantra beginning “sauvarṇaiḥ” and with the root mantra.
96	amṛtasrāviṇīṃ dhenuṃ naivedyopari cintayet | dhenumudrāṃ pradarśyoccaiḥ surabhyai nama ity api ||	Above the food one should visualize a cow streaming nectar, display the Dhenu mudrā, and also say aloud, “Obeisance to Surabhi.”
97	huṃ phaḍantaṃ saha svāhety uktvā mudrāṃ sudarśanīm | gāruḍīṃ cātha sandarśya gṛhītvātha kare jalam ||	After uttering the formula ending in “huṃ phaṭ” together with “svāhā,” one should display the Sudarśana and Gāruḍī mudrās and then take water in the hand.
98	pariṣiñcāmi satyaṃ tv arteneti ca kramād vadet | paritaḥ siñcayet toyaṃ tata āpośanaṃ kṣipet ||	One should say in order, “I sprinkle around” and “You are truth, through sacred order,” sprinkle water all around, and then offer the water for āpośana.
99	mahālakṣmyā sudhārūpaṃ kare te dakṣiṇe’nagha | āpośanaṃ dīyamānaṃ piba deva ramāpate ||	“O sinless Lord of Ramā, drink the āpośana, nectar in form, that Mahālakṣmī offers into Your right hand.”
100	sudhārasaṃ suvipulam āpośanam idaṃ tava | gṛhāṇa tvaṃ suraśreṣṭha yatheṣṭam upabhujyatām ||	“This abundant āpośana is the essence of nectar for You. Accept it, O best of the gods, and partake of it as You desire.”
101	iti mantram udīryātha devadakṣiṇahastake | lakṣmyā pradīyamānaṃ ca sudhārasamayaṃ śubham ||	Having uttered this mantra, one should visualize the auspicious substance made of nectar being offered by Lakṣmī into the deity’s right hand—
102	āpośanam idaṃ dhyātvāmṛtopastaraṇam asi | ity uktvāpośanocchiṣṭajalaṃ pātrāntare kṣipet ||	—meditating upon it as this āpośana. Saying, “You are the spreading of nectar,” one should pour the remaining āpośana water into another vessel.
103	tataḥ prāṇātmane pūrvam uktvā nārāyaṇāya ca | svāhāntam iti pañcaitā āhutīḥ kramaśo vadan ||	Then one should first name Prāṇātman and Nārāyaṇa, ending each formula with “svāhā,” and utter the five offerings in sequence.
104	śaṅkhatoyaṃ kṣipet pātre pratyāhuty ekapātrakam | madhuvātā tathā svādu bhojaṃ tveti paṭhed ṛcaḥ ||	For each offering one should place conch water into the appropriate vessel; then one should recite the ṛks beginning “madhu vātā,” “svādu,” and “bhojaṃ tvā.”
105	pānīyam arpayet paścāt tato javanikāṃ kṣipet | bhuñjānaṃ cintayen mūlaṃ japed aṣṭottaraṃ śatam ||	Afterward one should offer drinking water and then draw the curtain; while visualizing the Lord eating, one should recite the root mantra 108 times.
106	uttarāpośanaṃ paścād amṛtāpidhānam asi | ity uktvāpośanocchiṣṭajalaṃ pātrāntare kṣipet ||	Next comes the concluding āpośana. Saying, “You are the covering of nectar,” one should pour the remaining āpośana water into another vessel.
107	vāme gaṇḍūṣapātraṃ syāt tatra gaṇḍūṣam arpayet | hastaprakṣālanaṃ tatra paścād ācamanam kṣipet | mūlena puṣpatritayam arpayitvā tato vadet ||	The vessel for rinsing the mouth should be on the left; there one should offer the mouth-rinse, then water for washing the hands, and afterward water for sipping. Having offered three flowers with the root mantra, one should then say:
108	pūgīphalaṃ sakhadirajīrṇakarpūrasaṃyutam | nāgavallīdalair yuktaṃ tāmbūlaṃ gṛhyatāṃ vibho | iti tāmbūlakaṃ dadyān nākasyeti ca dakṣiṇām ||	“O all-pervading Lord, accept this tāmbūla consisting of areca nut, khadira, jīrṇaka, and camphor, together with betel leaves.” Saying this, one should offer tāmbūla and then the honorarium with the mantra beginning “nākasya.”
109	jayatyādīn paṭhan mantrān punar dhūpaṃ samarpayet | arcata ityādikān mantrān paṭhan nīrājayed dharim ||	Reciting the mantras beginning “jayati,” one should offer incense again; reciting those beginning “arcata,” one should wave the light before Hari.
110	puṣpāṇy aṣṭau samarpyātha mūlamantreṇa vaiṣṇavaḥ | vedamantraiś ca paurāṇair arpayet kusumāñjalim ||	The Vaiṣṇava should then offer eight flowers with the root mantra and present a joined handful of flowers with Vedic and Purāṇic mantras.
111	cāmaraṃ darpaṇaṃ chatraṃ vāhanādi nivedayet | mahārājopacārāṃś ca gītavāditranṛttakān | sarvān nivedayed bhaktyā mūlamantreṇa sādhakaḥ ||	The practitioner should offer a fly-whisk, mirror, parasol, conveyance, and the other royal services, as well as song, instrumental music, and dance; all these should be devoutly presented with the root mantra.
112	tataḥ śuddhena toyena śaṅkham āpūrya mudrikāḥ | dhenvādīḥ sampradarśyātha toyaṃ śaṅkhagataṃ spṛśet | aṣṭavāraṃ japen mūlaṃ bhrāmayet triḥ pradakṣiṇam ||	Then one should fill the conch with pure water, display the Dhenu and other mudrās, touch the water in the conch, recite the root mantra eight times, and circle the conch clockwise three times.
113	śaṅkhodakaṃ tu tatpātre sthāpayitvā pṛthak sudhīḥ | pradakṣiṇanamaskārān sūktapāṭhaṃ tataś caret ||	The wise person should set the conch water separately in its vessel and then perform circumambulations, prostrations, and the recitation of hymns.
114	āruhya vedikāṃ paścāt pūjāsādguṇyakārakam | mūlamantraṃ hariṃ dhyāyan japed aṣṭottaraṃ śatam ||	After ascending the platform again, one should meditate upon Hari and recite the root mantra 108 times to make the worship complete in its excellence.
115	ramābrahmādidevānāṃ dattvā tīrthādikaṃ balim | tattvanyāsān mātṛkāś ca punar mūrtau samācaret ||	Having distributed sacred water and the other portions as offerings to Ramā, Brahmā, and the other deities, one should again perform upon the image the placements of the principles and of the Mother letters.
116	punar dhyātvā hariṃ devam ātmā devety ṛcaṃ paṭhet | tata āvāhanīṃ mudrāṃ vyutkrameṇa vidhāya ca ||	Meditating once more upon the divine Hari, one should recite the ṛk beginning “ātmā deva”; then one should perform the invocation mudrā in reverse order.
117	ehy ehīti punaḥ procya punar āvāhayed dhṛdi | tathaiva parapūjāyāṃ ravyādau taṃ nidhāpayet ||	Saying “come, come” once more, one should invoke Him back into the heart. In worship performed for another, one should similarly establish Him again in the sun or other original locus.
118	yāce’haṃ tvā hṛṣīkeśa namāmi puruṣottama | hṛdi me kuru saṃvāsaṃ śriyā saha jagatpate ||	“I beseech You, O Hṛṣīkeśa; I bow to You, O Supreme Person. O Lord of the universe, make Your dwelling in my heart together with Śrī.”
119	iti prārthya hariṃ paścād vidadhyāt tattvamātṛkāḥ | dhyātvā samarpayed viṣṇuṃ yasya smṛtyeti mantrataḥ ||	After praying to Hari in this way, one should perform the placements of the principles and Mother letters; then, meditating, one should dedicate everything to Viṣṇu with the mantra beginning “yasya smṛtyā.”
120	tīrthaprasādagandhādīn dattvā viṣṇuparāya ca | tataḥ svayaṃ tu gṛhṇīyād bhaktyā natvā hariṃ smaran ||	After giving the sacred water, prasāda, sandal paste, and the other gifts to one devoted to Viṣṇu, one should oneself receive them, bowing with devotion and remembering Hari.
121	padyapāṭhe manuṣyāṇāṃ śramo nātibhaved iti | tantrasāroktapūjāyāṃ padyamāleyam īritā ||	So that people may not experience excessive effort when reciting in verse, this Padyamālā has been composed for the worship prescribed in the Tantrasāra.
122	anena bhagavān viṣṇuḥ prīto bhavati sarvadā | pramādato nirodhād vā hareḥ pūjā bhaven na cet | paṭhanāt padyamālāyā naraḥ pūjāphalaṃ labhet ||	Through this, the Blessed Lord Viṣṇu is always pleased. If, because of inadvertence or an impediment, the worship of Hari cannot be performed, a person obtains the fruit of that worship by reciting the Padyamālā.
COL1	iti śrījayatīrthākhyabhikṣuṇā racitā satī | tantrasāroktapūjānusāriṇī padyamālikā ||	Thus ends the excellent Padyamālikā, composed by the ascetic known as Śrī Jayatīrtha and conforming to the worship taught in the Tantrasāra.
COL2	iti śrījayatīrthaśrīcaraṇaviracitā śrīpadyamālā ||	Thus ends the glorious Padyamālā composed by the venerable Śrī Jayatīrtha.
COL3	śrīkṛṣṇārpaṇam astu ||	May this be offered to Śrī Kṛṣṇa.
COL4	mukhyaprāṇavaśe sarvaṃ sa viṣṇor vaśagaḥ sadā | prīṇayāmo vāsudevaṃ devatāmaṇḍalākhaṇḍamaṇḍanam ||	Everything is under the authority of Mukhya Prāṇa, and he is always subject to Viṣṇu. We propitiate Vāsudeva, the unbroken ornament of the entire assembly of deities.
